Extracted,Edition,Link,Name,Note
TRUE,1,https://hackforums.net/showthread.php?tid=423656,HF News Week - 5/09-5/16 [FIRST] [COMMENT],
TRUE,2,https://hackforums.net/showthread.php?tid=434536,HF News Week (5/16-5/23) [COMMENT],
TRUE,3,https://hackforums.net/showthread.php?tid=450222,HF News Week 5/23 - 5/30 [THIRD] [COMMENT],
TRUE,4,https://hackforums.net/showthread.php?tid=464165,HF News - [5/30-6/6] [COMMENT] [FOURTH],
TRUE,5,https://hackforums.net/showthread.php?tid=476704,[6/6-6/13] HF News [HEADLINE FILLED!] [COMMENT],
TRUE,6,https://hackforums.net/showthread.php?tid=491136,[6/13 - 6/19] HF News Week! [COMMENT],
TRUE,7,https://hackforums.net/showthread.php?tid=504802,[6/20-6/26] HF News Week! [COMMENT],
TRUE,8,https://hackforums.net/showthread.php?tid=521690,HF News [Minor edition] [6/26 - 7/3],Quiet week
TRUE,8.1,https://hackforums.net/showthread.php?tid=540606,HF News [7/4-7/11] [late] [COMMENT],
TRUE,9,https://hackforums.net/showthread.php?tid=551162,"HF News [7/10-7/17] [COMMENT] [edition made by Robbieava, thanks]",
TRUE,10,https://hackforums.net/showthread.php?tid=563975,HF News [7/17-7/24] [COMMENT],
TRUE,11,https://hackforums.net/showthread.php?tid=585221,[7/25-8/1] HF News,
TRUE,12,https://hackforums.net/showthread.php?tid=614411,[8/7-8/13] No news this week,Quiet week
TRUE,12.1,https://hackforums.net/showthread.php?tid=607489,[8/1-8/7] HF News,
TRUE,12.2,https://hackforums.net/showthread.php?tid=607941,[8/13] HF News - INTERACTIVE TUESDAYS! [huge edition!] [INTERVIEW WITH BACKSLASH!],Interactive Tuesday
TRUE,13,https://hackforums.net/showthread.php?tid=676131,[13/09/2010] HF News,
FALSE,14,,,MISSING
FALSE,15,,,MISSING
FALSE,16,https://hackforums.net/showthread.php?tid=693130,[9/15/2010] - HF News,
FALSE,17,https://hackforums.net/showthread.php?tid=706863,[9/22/2010] - HF News,
FALSE,18,https://hackforums.net/showthread.php?tid=722633,[9/30/2010] - HF News,
FALSE,19,https://hackforums.net/showthread.php?tid=739652,[10/07/2010] - HF News,
FALSE,20,https://hackforums.net/showthread.php?tid=759469,[10/15/2010] - HF News,
FALSE,21,https://hackforums.net/showthread.php?tid=781247,[10/23/2010] - HF News,
FALSE,21.1,https://hackforums.net/showthread.php?tid=798392,HF News,Delayed due to cancer of loved one
FALSE,22,https://hackforums.net/showthread.php?tid=799352,[10/31/2010] - HF News,
FALSE,23,https://hackforums.net/showthread.php?tid=818214,[11/07/2010] - HF News,
FALSE,24,https://hackforums.net/showthread.php?tid=836025,[11/15/2010] - HF News,
FALSE,25,https://hackforums.net/showthread.php?tid=856467,[11/22/2010] - HF News,
FALSE,26,https://hackforums.net/showthread.php?tid=869529,[11/29/2010] - HF News,
FALSE,27,https://hackforums.net/showthread.php?tid=892359,[12/04/2010] HF News,
FALSE,28,https://hackforums.net/showthread.php?tid=905087,[12/11/2010] - HF News,
FALSE,29,https://hackforums.net/showthread.php?tid=923573,[12/18/2010] - HF NEWS - HOLIDAY EDITION,
FALSE,30,https://hackforums.net/showthread.php?tid=977917,[1/12/2011] - HF News,Move from single contributor to team
FALSE,31,https://hackforums.net/showthread.php?tid=990058,[1/19/2011] HF News,
FALSE,31.1,https://hackforums.net/showthread.php?tid=1046837,Im done writing HF news.,Pinterest steps away from writing
FALSE,32,https://hackforums.net/showthread.php?tid=1012683,HF News 1/28/2011,
FALSE,33,https://hackforums.net/showthread.php?tid=1049970,[2/10/2011] - HF News,
FALSE,34,https://hackforums.net/showthread.php?tid=1091816,[2/26/2011] - HF News,
FALSE,35,https://hackforums.net/showthread.php?tid=1076405,[2/18/2011] - HF News,
FALSE,36,https://hackforums.net/showthread.php?tid=1123680,[3/12/2011] - HF News,
FALSE,36.1,https://hackforums.net/showthread.php?tid=1125383,[3/18/11] - HF News,
FALSE,37,https://hackforums.net/showthread.php?tid=1211542,[4/13/2011] - HF News,
FALSE,38,https://hackforums.net/showthread.php?tid=1229543,[4/20/2011] - HF News,
FALSE,39,https://hackforums.net/showthread.php?tid=1249554,[4/27/2011] - HF News,
FALSE,40,https://hackforums.net/showthread.php?tid=1270133,[5/4/2011] - HF News,
FALSE,41,https://hackforums.net/showthread.php?tid=1283213,[5/11/2011] - HF News,
FALSE,42,https://hackforums.net/showthread.php?tid=1305409,[5/18/2011] - HF News,
FALSE,43,https://hackforums.net/showthread.php?tid=1321532,[5/25/2011] - HF News,
FALSE,44,https://hackforums.net/showthread.php?tid=1342426,[6/1/2011] - HF News,
FALSE,45,https://hackforums.net/showthread.php?tid=1363454,[6/8/2011] - HF News,
FALSE,46,https://hackforums.net/showthread.php?tid=1389389,[6/16/2011] - HF News,
FALSE,47,https://hackforums.net/showthread.php?tid=1407730,[6/22/2011] - HF News,
FALSE,48,https://hackforums.net/showthread.php?tid=1430574,[6/29/2011] - HF News,
FALSE,49,https://hackforums.net/showthread.php?tid=1456450,[7/6/2011] - HF News,
FALSE,50,https://hackforums.net/showthread.php?tid=1482375,[7/14/2011] - HF News,
FALSE,51,https://hackforums.net/showthread.php?tid=1506097,[7/20/2011] - HF News,
FALSE,52,https://hackforums.net/showthread.php?tid=1535517,[7/28/2011] - HF News,
FALSE,53,https://hackforums.net/showthread.php?tid=1566535,[8/5/2011] - HF News,
FALSE,54,https://hackforums.net/showthread.php?tid=1598186,[8/13/11] - HF News,
FALSE,55,https://hackforums.net/showthread.php?tid=1626749,[8/19/11] - HF News,Battle between Sir & Xerotic/Judge Dredd for Writers ownership (https://hackforums.net/showthread.php?tid=1660053)
FALSE,56,https://hackforums.net/showthread.php?tid=1655392,[8/26/11] - HF News,
FALSE,57,https://hackforums.net/showthread.php?tid=1690980,[9/4/11] - HF News,
FALSE,58,https://hackforums.net/showthread.php?tid=1715039,[9/11/11] - HF News,
FALSE,58.1,https://hackforums.net/showthread.php?tid=1725450,[9/14/11] - HF News Misc.,
FALSE,59,https://hackforums.net/showthread.php?tid=1741486,[9/19/11] - HF News,
FALSE,59.1,https://hackforums.net/showthread.php?tid=1745696,[9/21/11] - HF News Misc.,
FALSE,60,https://hackforums.net/showthread.php?tid=1762517,[9/25/11] - HF News,
FALSE,60.1,https://hackforums.net/showthread.php?tid=1768813,[9/28/11] - HF User News,
FALSE,61,https://hackforums.net/showthread.php?tid=1784586,[10/2/11] - HF News,
FALSE,61.1,https://hackforums.net/showthread.php?tid=1792627,[10/5/11] - HF User News,
FALSE,62,https://hackforums.net/showthread.php?tid=1806621,[10/9/11] - HF News,
FALSE,62.1,https://hackforums.net/showthread.php?tid=1816336,[10/12/11] - HF User News,
FALSE,63,https://hackforums.net/showthread.php?tid=1829241,[10/16/11] - HF News,
FALSE,63.1,https://hackforums.net/showthread.php?tid=1837952,[10/19/11] - HF User News,
FALSE,64,https://hackforums.net/showthread.php?tid=1861377,[10/26/11] - HF News (Editions Combined),
FALSE,65,https://hackforums.net/showthread.php?tid=1883002,[11/2/11] - HF News,
FALSE,66,https://hackforums.net/showthread.php?tid=1906290,[11/9/11] - HF News,
FALSE,66.1,https://hackforums.net/showthread.php?tid=1910385,[11/11/11] - HF News ~Special Edition~,
FALSE,67,https://hackforums.net/showthread.php?tid=1925479,[11/16/11] - HF News,
FALSE,68,https://hackforums.net/showthread.php?tid=1951041,[11/24/11] - HF News,
FALSE,69,https://hackforums.net/showthread.php?tid=1969883,[11/30/11] - HF News,
FALSE,70,https://hackforums.net/showthread.php?tid=1991692,[12/7/11] - HF News,
FALSE,71,https://hackforums.net/showthread.php?tid=2012975,[12/14/11] - HF News,
FALSE,72,https://hackforums.net/showthread.php?tid=2036368,[12/21/11] - HF News,
FALSE,73,https://hackforums.net/showthread.php?tid=2058737,[12/28/11] - HF News,
FALSE,74,https://hackforums.net/showthread.php?tid=2082259,[1/4/12] - HF News,
FALSE,75,https://hackforums.net/showthread.php?tid=2102805,[1/11/12] - HF News,
FALSE,76,https://hackforums.net/showthread.php?tid=2124517,[1/18/12] - HF News,
FALSE,77,https://hackforums.net/showthread.php?tid=2148035,[1/25/12] - HF News,
FALSE,78,https://hackforums.net/showthread.php?tid=2194195,[2/8/12] - HF News (Real),
FALSE,79,https://hackforums.net/showthread.php?tid=2216995,[2/15/12] - HF News,
FALSE,80,https://hackforums.net/showthread.php?tid=2239136,[2/22/12] - HF News,
FALSE,81,https://hackforums.net/showthread.php?tid=2260220,[2/29/12] - HF News,
FALSE,82,https://hackforums.net/showthread.php?tid=2283103,[3/7/12] - HF News,
FALSE,83,https://hackforums.net/showthread.php?tid=2305312,[3/14/12] - HF News,
FALSE,84,https://hackforums.net/showthread.php?tid=2325745,[3/21/12] - HF News,
FALSE,85,https://hackforums.net/showthread.php?tid=2348041,[3/28/12] - HF News,
FALSE,86,https://hackforums.net/showthread.php?tid=2369041,[4/4/12] - HF News,
FALSE,87,https://hackforums.net/showthread.php?tid=2393802,[4/11/12] - HF News,
FALSE,88,https://hackforums.net/showthread.php?tid=2421341,[4/20/12] - HF News,420 theme'd
FALSE,88.1,https://hackforums.net/showthread.php?tid=2436590,[4/25/12] - HF News (Notice),New release day is Friday
FALSE,89,https://hackforums.net/showthread.php?tid=2442221,[4/27/12] - HF News,
FALSE,90,https://hackforums.net/showthread.php?tid=2463994,[5/4/12] - HF News,
FALSE,91,https://hackforums.net/showthread.php?tid=2487524,[5/11/12] - HF News,
FALSE,92,https://hackforums.net/showthread.php?tid=2507493,[5/19/12] - HF News,
FALSE,93,https://hackforums.net/showthread.php?tid=2528143,[5/26/2012] - HF News,
FALSE,94,https://hackforums.net/showthread.php?tid=2550724,[6/2/12] - HF News,
FALSE,95,https://hackforums.net/showthread.php?tid=2571222,[6/9/12] - HF News,
FALSE,96,https://hackforums.net/showthread.php?tid=2591918,[6/16/12] - HF News,
FALSE,97,https://hackforums.net/showthread.php?tid=2614717,[6/23/12] - HF News,
FALSE,98,https://hackforums.net/showthread.php?tid=2636537,[6/30/12] - HF News,
FALSE,99,https://hackforums.net/showthread.php?tid=2656507,[7/7/12] - HF News,
FALSE,99.1,https://hackforums.net/showthread.php?tid=2679332,[7/14/12] - HF News Notice,
FALSE,100,https://hackforums.net/showthread.php?tid=2678638,[7/15/12] - HF News ~~100th Edition~~,
FALSE,101,https://hackforums.net/showthread.php?tid=2700396,[7/21/12] - HF News,
FALSE,102,https://hackforums.net/showthread.php?tid=2720816,[7/28/12] - HF News,
FALSE,103,https://hackforums.net/showthread.php?tid=2747840,[8/5/12] - HF News,
FALSE,104,https://hackforums.net/showthread.php?tid=2768679,[8/11/12] - HF News,
FALSE,105,https://hackforums.net/showthread.php?tid=2790534,[8/18/12] - HF News,
FALSE,106,https://hackforums.net/showthread.php?tid=2811210,[8/25/12] - HF News,
FALSE,107,https://hackforums.net/showthread.php?tid=2830403,[9/1/12] - HF News,
FALSE,108,https://hackforums.net/showthread.php?tid=2851359,[9/8/12] - HF News,
FALSE,109,https://hackforums.net/showthread.php?tid=2870239,[9/16/12] - HF News,
FALSE,110,https://hackforums.net/showthread.php?tid=2888704,[9/22/12] - HF News,
FALSE,111,https://hackforums.net/showthread.php?tid=2907042,[9/30/12] - HF News,
FALSE,112,https://hackforums.net/showthread.php?tid=2924777,[10/7/12] - HF News,
FALSE,113,https://hackforums.net/showthread.php?tid=2943058,[10/14/12] - HF News,
FALSE,114,https://hackforums.net/showthread.php?tid=2961890,[10/21/12] - HF News,
FALSE,115,https://hackforums.net/showthread.php?tid=2980155,[10/28/12] - HF News,
FALSE,116,https://hackforums.net/showthread.php?tid=2998447,[11/4/12] - HF News,
FALSE,117,https://hackforums.net/showthread.php?tid=3015755,[11/11/12] - HF News,
FALSE,118,https://hackforums.net/showthread.php?tid=3034418,[11/18/12] - HF News,
FALSE,119,https://hackforums.net/showthread.php?tid=3050160,[11/25/12] - HF News,
FALSE,120,https://hackforums.net/showthread.php?tid=3069067,[12/2/12] - HF News,
FALSE,121,https://hackforums.net/showthread.php?tid=3084702,[12/9/12] - HF News,
FALSE,122,https://hackforums.net/showthread.php?tid=3102149,[12/16/12] - HF News,
FALSE,123,https://hackforums.net/showthread.php?tid=3124387,[12/25/12] - HF News - Christmas Edition,
FALSE,124,https://hackforums.net/showthread.php?tid=3143554,[1/1/13] - HF News - New Years Edition,
FALSE,125,https://hackforums.net/showthread.php?tid=3178135,[1/13/13] - HF News,
FALSE,126,https://hackforums.net/showthread.php?tid=3196596,[1/20/13] - HF News,
FALSE,127,https://hackforums.net/showthread.php?tid=3218065,[1/27/13] - HF News,
FALSE,127.1,https://hackforums.net/showthread.php?tid=3235050,Terrible News,HF Upgrade Database Compromised
FALSE,127.2,https://hackforums.net/showthread.php?tid=3242369,Terrible News (continuation part 3),Added and upgraded HF DB hacker to Ub3r w/awards
FALSE,128,https://hackforums.net/showthread.php?tid=3233528,[2/3/13] - HF News,
FALSE,129,https://hackforums.net/showthread.php?tid=3254513,[2/10/13] - HF News,
FALSE,130,https://hackforums.net/showthread.php?tid=3272215,[2/17/13] - HF News,
FALSE,131,https://hackforums.net/showthread.php?tid=3284251,[2/24/13] - HF News,
FALSE,132,https://hackforums.net/showthread.php?tid=3301568,[3/3/13] - HF News,
FALSE,133,https://hackforums.net/showthread.php?tid=3318944,[3/10/13] - HF News,
FALSE,134,https://hackforums.net/showthread.php?tid=3336380,[3/17/13] - HF News,
FALSE,135,https://hackforums.net/showthread.php?tid=3353357,[3/24/13] - HF News,
FALSE,136,https://hackforums.net/showthread.php?tid=3371591,[3/31/13] - HF News - Goodbye </3,April fools joke
FALSE,137,https://hackforums.net/showthread.php?tid=3393860,[4/7/13] - HF News,
FALSE,138,https://hackforums.net/showthread.php?tid=3409497,[4/14/13] - HF News,
FALSE,139,https://hackforums.net/showthread.php?tid=3427113,[4/21/13] - HF News,
FALSE,140,https://hackforums.net/showthread.php?tid=3447322,[4/28/13] - HF News,
FALSE,141,https://hackforums.net/showthread.php?tid=3464055,[5/5/13] - HF News,
FALSE,142,https://hackforums.net/showthread.php?tid=3476457,[5/12/13] - HF News,
FALSE,143,https://hackforums.net/showthread.php?tid=3493278,[5/19/13] - HF News,
FALSE,144,https://hackforums.net/showthread.php?tid=3510090,[5/26/13] - HF News,
FALSE,145,https://hackforums.net/showthread.php?tid=3524320,[6/1/13] - HF News,
FALSE,146,https://hackforums.net/showthread.php?tid=3542646,[6/9/13] - HF News,
FALSE,147,https://hackforums.net/showthread.php?tid=3559333,[6/16/13] - HF News,
FALSE,148,https://hackforums.net/showthread.php?tid=3575590,[6/23/13] - HF News,
FALSE,149,https://hackforums.net/showthread.php?tid=3591626,[6/30/13] - HF News,
FALSE,150,https://hackforums.net/showthread.php?tid=3605552,[7/7/13] - HF News,
FALSE,151,https://hackforums.net/showthread.php?tid=3624202,[7/14/13] - HF News,
FALSE,152,https://hackforums.net/showthread.php?tid=3640383,[7/21/13] - HF News,
FALSE,153,https://hackforums.net/showthread.php?tid=3658721,[7/29/13] - HF News,
FALSE,154,https://hackforums.net/showthread.php?tid=3672548,[8/5/13] - HF News,
FALSE,155,https://hackforums.net/showthread.php?tid=3688257,[8/12/13] - HF News,
FALSE,156,https://hackforums.net/showthread.php?tid=3703439,[8/19/13] - HF News,
FALSE,157,https://hackforums.net/showthread.php?tid=3718212,[8/26/13] - HF News,
FALSE,158,https://hackforums.net/showthread.php?tid=3732173,[9/2/13] - HF News,
FALSE,159,https://hackforums.net/showthread.php?tid=3745841,[9/9/13] - HF News,
FALSE,160,https://hackforums.net/showthread.php?tid=3758876,[9/16/13] - HF News,
FALSE,161,https://hackforums.net/showthread.php?tid=3770270,[9/23/13] - HF News,
FALSE,162,https://hackforums.net/showthread.php?tid=3781681,[9/30/13] - HF News - Sir's 100th Edition,
FALSE,163,https://hackforums.net/showthread.php?tid=3793596,[10/7/13] - RN News,
FALSE,164,https://hackforums.net/showthread.php?tid=3807870,[10/14/13] - HF News,
FALSE,165,https://hackforums.net/showthread.php?tid=3819360,[10/21/13] - HF News,
FALSE,166,https://hackforums.net/showthread.php?tid=3834523,[10/28/13] - HF News,
FALSE,167,https://hackforums.net/showthread.php?tid=3848685,[11/4/13] - HF News,
FALSE,168,https://hackforums.net/showthread.php?tid=3860781,[11/11/13] - HF News,
FALSE,169,https://hackforums.net/showthread.php?tid=3876630,[11/18/13] - HF News,
FALSE,170,https://hackforums.net/showthread.php?tid=3890613,[11/25/13] - HF News,
FALSE,171,https://hackforums.net/showthread.php?tid=3906642,[12/2/13] - HF News,
FALSE,172,https://hackforums.net/showthread.php?tid=3921129,HF News - 172,
FALSE,173,https://hackforums.net/showthread.php?tid=3933261,HF News - 173,
FALSE,174,https://hackforums.net/showthread.php?tid=3952610,HF News - 174 - Christmas Edition,
FALSE,175,https://hackforums.net/showthread.php?tid=3966128,HF News - 175 - New Years Edition,
FALSE,176,https://hackforums.net/showthread.php?tid=3982620,HF News - 176,
FALSE,177,https://hackforums.net/showthread.php?tid=3997585,HF News - 177,
FALSE,178,https://hackforums.net/showthread.php?tid=4013003,HF News - 178,
FALSE,179,https://hackforums.net/showthread.php?tid=4027495,HF News - 179,
FALSE,180,https://hackforums.net/showthread.php?tid=4043618,HF News - 180,
FALSE,181,https://hackforums.net/showthread.php?tid=4055101,HF News - 181,
FALSE,182,https://hackforums.net/showthread.php?tid=4071653,HF News - 182,
FALSE,183,https://hackforums.net/showthread.php?tid=4083607,HF News - 183,
FALSE,184,https://hackforums.net/showthread.php?tid=4097347,HF News - 184,
FALSE,185,https://hackforums.net/showthread.php?tid=4108587,HF News - 185,
FALSE,186,https://hackforums.net/showthread.php?tid=4122917,HF News - 186,
FALSE,187,https://hackforums.net/showthread.php?tid=4138270,HF News - 187,
FALSE,188,https://hackforums.net/showthread.php?tid=4147680,HF News - 188,
FALSE,189,https://hackforums.net/showthread.php?tid=4161426,HF News - 189,
FALSE,190,https://hackforums.net/showthread.php?tid=4177118,HF News - 190,
FALSE,191,https://hackforums.net/showthread.php?tid=4190522,HF News - 191,
FALSE,192,https://hackforums.net/showthread.php?tid=4209027,HF News - 192,
FALSE,193,https://hackforums.net/showthread.php?tid=4216992,HF News - 193,
FALSE,194,https://hackforums.net/showthread.php?tid=4238244,HF News - 194,
FALSE,195,https://hackforums.net/showthread.php?tid=4247576,HF News - 195,
FALSE,196,https://hackforums.net/showthread.php?tid=4266226,HF News - 196,
FALSE,197,https://hackforums.net/showthread.php?tid=4274953,HF News - 197,
FALSE,198,https://hackforums.net/showthread.php?tid=4289677,HF News - 198,
FALSE,199,https://hackforums.net/showthread.php?tid=4301106,HF News - 199,
FALSE,200,https://hackforums.net/showthread.php?tid=4310266,HF News - 200,
FALSE,201,https://hackforums.net/showthread.php?tid=4327542,HF News - 201,
FALSE,202,https://hackforums.net/showthread.php?tid=4358145,HF News - 202,
FALSE,203,https://hackforums.net/showthread.php?tid=4375664,HF News - 203,
FALSE,204,https://hackforums.net/showthread.php?tid=4388688,HF News - 204,
FALSE,205,https://hackforums.net/showthread.php?tid=4407930,HF News - 205,
FALSE,206,https://hackforums.net/showthread.php?tid=4417716,HF News - 206,
FALSE,207,https://hackforums.net/showthread.php?tid=4428684,HF News - 207,
FALSE,208,https://hackforums.net/showthread.php?tid=4479194,HF News - 208,
FALSE,209,https://hackforums.net/showthread.php?tid=4489421,HF News - 209,
FALSE,210,https://hackforums.net/showthread.php?tid=4501843,HF News - 210,
FALSE,211,https://hackforums.net/showthread.php?tid=4512990,HF News - 211,
FALSE,212,https://hackforums.net/showthread.php?tid=4524357,HF News - 212,
FALSE,213,https://hackforums.net/showthread.php?tid=4532029,HF News - 213,
FALSE,214,https://hackforums.net/showthread.php?tid=4542351,HF News - 214,
FALSE,215,https://hackforums.net/showthread.php?tid=4553999,HF News - 215,
FALSE,216,https://hackforums.net/showthread.php?tid=4565554,HF News - 216,
FALSE,217,https://hackforums.net/showthread.php?tid=4576209,HF News - 217,
FALSE,218,https://hackforums.net/showthread.php?tid=4587062,HF News - 218 {Featuring the Omnicast!},
FALSE,219,https://hackforums.net/showthread.php?tid=4597900,HF News - 219 {Happy Holidays!},
FALSE,220,https://hackforums.net/showthread.php?tid=4609895,HF News - 220 {Happy New Year!},
FALSE,221,https://hackforums.net/showthread.php?tid=4622222,HF News - 221,
FALSE,222,https://hackforums.net/showthread.php?tid=4634325,HF News - 222,
FALSE,223,https://hackforums.net/showthread.php?tid=4645650,HF News - 223,
FALSE,224,https://hackforums.net/showthread.php?tid=4656904,HF News - 224,
FALSE,225,https://hackforums.net/showthread.php?tid=4668548,HF News - 225,
FALSE,226,https://hackforums.net/showthread.php?tid=4680478,HF News - 226,
FALSE,227,https://hackforums.net/showthread.php?tid=4689907,HF News - 227,
FALSE,228,https://hackforums.net/showthread.php?tid=4701574,HF News - 228,
FALSE,229,https://hackforums.net/showthread.php?tid=4714430,HF News - 229,
FALSE,230,https://hackforums.net/showthread.php?tid=4723780,HF News - 230,
FALSE,231,https://hackforums.net/showthread.php?tid=4733481,HF News - 231 {Changes Implemented! Weekly Reports Only! NO OFF-TOPIC POSTS!},
FALSE,232,https://hackforums.net/showthread.php?tid=4743308,HF News // Edition 232,Switched to Hydra
FALSE,233,https://hackforums.net/showthread.php?tid=4755187,HF News // Edition 233,
FALSE,234,https://hackforums.net/showthread.php?tid=4766598,HF News // Edition 234,
FALSE,235,https://hackforums.net/showthread.php?tid=4777898,HF News // Edition 235,
FALSE,236,https://hackforums.net/showthread.php?tid=4788306,HF News // Edition 236,
FALSE,237,https://hackforums.net/showthread.php?tid=4797838,HF News // Edition 237,
FALSE,238,https://hackforums.net/showthread.php?tid=4807604,HF News // Edition 238,
FALSE,239,https://hackforums.net/showthread.php?tid=4817109,HF News // Edition 239,
FALSE,240,https://hackforums.net/showthread.php?tid=4827311,HF News // Edition 240,
FALSE,241,https://hackforums.net/showthread.php?tid=4836803,HF News // Edition 241 // NEW SECTION - WRITE YOUR OWN ARTICLES,
FALSE,242,https://hackforums.net/showthread.php?tid=4846809,HF News // Edition 242,
FALSE,243,https://hackforums.net/showthread.php?tid=4858498,HF News // Edition 243,
FALSE,244,https://hackforums.net/showthread.php?tid=4866957,HF News // Edition 244,
FALSE,245,https://hackforums.net/showthread.php?tid=4876973,HF News // Edition 245,
FALSE,246,https://hackforums.net/showthread.php?tid=4887060,HF News // Edition 246,
FALSE,247,https://hackforums.net/showthread.php?tid=4896425,HF News // Edition 247,
FALSE,248,https://hackforums.net/showthread.php?tid=4905023,HF News // Edition 248,
FALSE,249,https://hackforums.net/showthread.php?tid=4915330,HF News // Edition 249,
FALSE,250,https://hackforums.net/showthread.php?tid=4926025,HF News // Edition 250,
FALSE,251,https://hackforums.net/showthread.php?tid=4935739,HF News // Edition 251,
FALSE,252,https://hackforums.net/showthread.php?tid=4944570,HF News // Edition 252,
FALSE,253,https://hackforums.net/showthread.php?tid=4954872,HF News // Edition 253 - Happy Birthday Omni!,
FALSE,254,https://hackforums.net/showthread.php?tid=4963786,HF News // Edition 254,
FALSE,255,https://hackforums.net/showthread.php?tid=4971339,HF News // Edition 255,
FALSE,256,https://hackforums.net/showthread.php?tid=4981038,HF News // Edition 256,
FALSE,257,https://hackforums.net/showthread.php?tid=4989295,HF News // Edition 257,
FALSE,258,https://hackforums.net/showthread.php?tid=4998215,HF News // Edition 258,
FALSE,259,https://hackforums.net/showthread.php?tid=5005305,HF News // Edition 259,
FALSE,260,https://hackforums.net/showthread.php?tid=5014497,HF News // Edition 260,
FALSE,261,https://hackforums.net/showthread.php?tid=5022604,HF News // Edition 261,
FALSE,262,https://hackforums.net/showthread.php?tid=5029050,HF News // Edition 262,
FALSE,263,https://hackforums.net/showthread.php?tid=5036542,HF News // Edition 263,
FALSE,264,https://hackforums.net/showthread.php?tid=5046370,HF News // Edition 264,
FALSE,265,https://hackforums.net/showthread.php?tid=5053760,HF News // Edition 265,
FALSE,266,https://hackforums.net/showthread.php?tid=5061860,HF News // Edition 266,
FALSE,267,https://hackforums.net/showthread.php?tid=5071298,HF News // Edition 267,
FALSE,268,https://hackforums.net/showthread.php?tid=5079653,HF News // Edition 268,
FALSE,269,https://hackforums.net/showthread.php?tid=5088224,HF News // Edition 269,
FALSE,270,https://hackforums.net/showthread.php?tid=5098311,HF News // Edition 270,
FALSE,271,https://hackforums.net/showthread.php?tid=5103731,HF News // Edition 271,
FALSE,272,https://hackforums.net/showthread.php?tid=5115525,HF News // Edition 272,
FALSE,273,https://hackforums.net/showthread.php?tid=5123240,Hack Forums News // Edition 273,
FALSE,274,https://hackforums.net/showthread.php?tid=5132023,Hack Forums News // Edition 274,
FALSE,275,https://hackforums.net/showthread.php?tid=5140320,Hack Forums News // Edition 275,
FALSE,276,https://hackforums.net/showthread.php?tid=5148784,Hack Forums News // Edition 276,
FALSE,277,https://hackforums.net/showthread.php?tid=5155967,Hack Forums News // Edition 277,
FALSE,278,https://hackforums.net/showthread.php?tid=5164036,Hack Forums News // Edition 278,
FALSE,279,https://hackforums.net/showthread.php?tid=5172302,Hack Forums News // Edition 279,
FALSE,280,https://hackforums.net/showthread.php?tid=5181815,Hack Forums News // Edition 280,
FALSE,281,https://hackforums.net/showthread.php?tid=5189495,Hack Forums News // Edition 281,
FALSE,282,https://hackforums.net/showthread.php?tid=5197223,Hack Forums News // Edition 282,
FALSE,283,https://hackforums.net/showthread.php?tid=5205738,Hack Forums News // Edition 283,
FALSE,284,https://hackforums.net/showthread.php?tid=5213043,Hack Forums News // Edition 284,
FALSE,285,https://hackforums.net/showthread.php?tid=5218924,Hack Forums News // Edition 285,
FALSE,286,https://hackforums.net/showthread.php?tid=5227260,Hack Forums News // Edition 286,
FALSE,287,https://hackforums.net/showthread.php?tid=5235158,Hack Forums News // Edition 287,
FALSE,288,https://hackforums.net/showthread.php?tid=5241451,Hack Forums News // Edition 288,
FALSE,289,https://hackforums.net/showthread.php?tid=5250505,Hack Forums News // Edition 289,
FALSE,290,https://hackforums.net/showthread.php?tid=5264471,Hack Forums News // Edition 290,
FALSE,291,https://hackforums.net/showthread.php?tid=5272467,Hack Forums News // Edition 291,
FALSE,292,https://hackforums.net/showthread.php?tid=5281977,Hack Forums News // Edition 292,
FALSE,293,https://hackforums.net/showthread.php?tid=5289015,Hack Forums News // Edition 293,
FALSE,294,https://hackforums.net/showthread.php?tid=5296411,Hack Forums News // Edition 294,
FALSE,295,https://hackforums.net/showthread.php?tid=5305435,Hack Forums News // Edition 295,
FALSE,296,https://hackforums.net/showthread.php?tid=5313718,Hack Forums News // Edition 296,
FALSE,297,https://hackforums.net/showthread.php?tid=5321865,Hack Forums News // Edition 297,
FALSE,298,https://hackforums.net/showthread.php?tid=5326862,Hack Forums News // Edition 298,
FALSE,299,https://hackforums.net/showthread.php?tid=5338128,Hack Forums News // Edition 299,
FALSE,300,https://hackforums.net/showthread.php?tid=5343539,"Hack Forums News // Edition 300 -- Giveaway, HF Wiki, Interview with Omni, and more!",
FALSE,301,https://hackforums.net/showthread.php?tid=5353155,Hack Forums News // Edition 301,
FALSE,302,https://hackforums.net/showthread.php?tid=5362566,Hack Forums News // Edition 302,
FALSE,303,https://hackforums.net/showthread.php?tid=5370939,Hack Forums News // Edition 303,
FALSE,304,https://hackforums.net/showthread.php?tid=5376551,Hack Forums News // Edition 304,
FALSE,305,https://hackforums.net/showthread.php?tid=5385403,Hack Forums News // Edition 305,
FALSE,306,https://hackforums.net/showthread.php?tid=5391655,Hack Forums News // Edition 306,
FALSE,307,https://hackforums.net/showthread.php?tid=5399323,Hack Forums News // Edition 307,
FALSE,308,https://hackforums.net/showthread.php?tid=5403666,Hack Forums News // Edition 308,
FALSE,309,https://hackforums.net/showthread.php?tid=5410455,Hack Forums News // Edition 309,
FALSE,310,https://hackforums.net/showthread.php?tid=5417265,Hack Forums News // Edition 310,
FALSE,311,https://hackforums.net/showthread.php?tid=5424609,Hack Forums News // Edition 311,
FALSE,312,https://hackforums.net/showthread.php?tid=5429718,Hack Forums News // Edition 312,
FALSE,313,https://hackforums.net/showthread.php?tid=5437681,Hack Forums News // Edition 313,
FALSE,314,https://hackforums.net/showthread.php?tid=5442549,Hack Forums News // Edition 3.14159,
FALSE,315,https://hackforums.net/showthread.php?tid=5451289,Hack Forums News // Edition 315,
FALSE,316,https://hackforums.net/showthread.php?tid=5458520,Hack Forums News // Edition 316,
FALSE,317,https://hackforums.net/showthread.php?tid=5465278,Hack Forums News // Edition 317,
FALSE,318,https://hackforums.net/showthread.php?tid=5470753,Hack Forums News // Edition 318,
FALSE,319,https://hackforums.net/showthread.php?tid=5479916,Hack Forums News // Edition 319,
FALSE,320,https://hackforums.net/showthread.php?tid=5485460,Hack Forums News // Edition 320,
FALSE,321,https://hackforums.net/showthread.php?tid=5493078,Hack Forums News // Edition 321,
FALSE,322,https://hackforums.net/showthread.php?tid=5498727,Hack Forums News // Edition 322 --- CHRISTMAS EDITION!!!,
FALSE,323,https://hackforums.net/showthread.php?tid=5505698,Hack Forums News // Edition 323 -- Happy New Year 2017,
FALSE,324,https://hackforums.net/showthread.php?tid=5513026,Hack Forums News // Edition 324,
FALSE,325,https://hackforums.net/showthread.php?tid=5520163,Hack Forums News // Edition 325,
FALSE,326,https://hackforums.net/showthread.php?tid=5527197,Hack Forums News // Edition 326,
FALSE,327,https://hackforums.net/showthread.php?tid=5532190,Hack Forums News // Edition 327,
FALSE,328,https://hackforums.net/showthread.php?tid=5539397,Hack Forums News // Edition 328,CREDITS ARE IN SECTION HEADER IMAGES - START?
FALSE,329,https://hackforums.net/showthread.php?tid=5545700,Hack Forums News // Edition 329,
FALSE,330,https://hackforums.net/showthread.php?tid=5551338,Hack Forums News // Edition 330,
FALSE,331,https://hackforums.net/showthread.php?tid=5557254,Hack Forums News // Edition 331,
FALSE,332,https://hackforums.net/showthread.php?tid=5564186,Hack Forums News // Edition 332,
FALSE,333,https://hackforums.net/showthread.php?tid=5569085,Hack Forums News // Edition 333,
FALSE,334,https://hackforums.net/showthread.php?tid=5575385,Hack Forums News // Edition 334,
FALSE,335,https://hackforums.net/showthread.php?tid=5581129,Hack Forums News // Edition 335,
FALSE,336,https://hackforums.net/showthread.php?tid=5586834,Hack Forums News // Edition 336,
FALSE,337,https://hackforums.net/showthread.php?tid=5589296,Hack Forums News // Edition 337,
FALSE,338,https://hackforums.net/showthread.php?tid=5598572,Hack Forums News // Edition 338,
FALSE,339,https://hackforums.net/showthread.php?tid=5603797,Hack Forums News // Edition 339,
FALSE,340,,,MISSING
FALSE,341,,,MISSING
FALSE,342,https://hackforums.net/showthread.php?tid=5619855,Hack Forums News // Edition 342,
FALSE,343,https://hackforums.net/showthread.php?tid=5625280,Hack Forums News // Edition 343,
FALSE,344,https://hackforums.net/showthread.php?tid=5631570,Hack Forums News // Edition 344,
FALSE,345,https://hackforums.net/showthread.php?tid=5636595,Hack Forums News // Edition 345,
FALSE,346,https://hackforums.net/showthread.php?tid=5640530,Hack Forums News // Edition 346,
FALSE,347,https://hackforums.net/showthread.php?tid=5647135,Hack Forums News // Edition 347,
FALSE,348,https://hackforums.net/showthread.php?tid=5650845,Hack Forums News // Edition 348 --- HF Related Comic,
FALSE,349,https://hackforums.net/showthread.php?tid=5658070,Hack Forums News // Edition 349,
FALSE,350,https://hackforums.net/showthread.php?tid=5662799,Hack Forums News // Edition 350,
FALSE,351,https://hackforums.net/showthread.php?tid=5668373,Hack Forums News // Edition 351,
FALSE,352,https://hackforums.net/showthread.php?tid=5672985,Hack Forums News // Edition 352,
FALSE,353,https://hackforums.net/showthread.php?tid=5679149,Hack Forums News // Edition 353,
FALSE,354,https://hackforums.net/showthread.php?tid=5684928,Hack Forums News // Edition 354,
FALSE,355,https://hackforums.net/showthread.php?tid=5688559,Hack Forums News // Edition 355,
FALSE,356,https://hackforums.net/showthread.php?tid=5694788,Hack Forums News // Edition 356,
FALSE,357,https://hackforums.net/showthread.php?tid=5701225,Hack Forums News // Edition 357,
FALSE,358,https://hackforums.net/showthread.php?tid=5706487,Hack Forums News // Edition 358,
FALSE,359,https://hackforums.net/showthread.php?tid=5710757,Hack Forums News // Edition 359,MISSING - first post was junked
FALSE,360,https://hackforums.net/showthread.php?tid=5715848,Hack Forums News // Edition 360 - 9/11/17,
FALSE,361,https://hackforums.net/showthread.php?tid=5720450,Hack Forums News // Edition 361,
FALSE,362,https://hackforums.net/showthread.php?tid=5725326,Hack Forums News // Edition 362,
FALSE,363,https://hackforums.net/showthread.php?tid=5729423,Hack Forums News // Edition 363,
FALSE,364,https://hackforums.net/showthread.php?tid=5733969,Hack Forums News // Edition 364,
FALSE,365,https://hackforums.net/showthread.php?tid=5739123,Hack Forums News // Edition 365,
FALSE,366,https://hackforums.net/showthread.php?tid=5742327,Hack Forums News // Edition 366,
FALSE,367,https://hackforums.net/showthread.php?tid=5746580,Hack Forums News // Edition 367,
FALSE,368,https://hackforums.net/showthread.php?tid=5750255,Hack Forums News // Edition 368,
FALSE,369,https://hackforums.net/showthread.php?tid=5752331,Hack Forums News // Edition 369,
FALSE,370,https://hackforums.net/showthread.php?tid=5755923,Hack Forums News // Edition 370,
FALSE,371,https://hackforums.net/showthread.php?tid=5759330,Hack Forums News // Edition 371,
FALSE,372,https://hackforums.net/showthread.php?tid=5763882,Hack Forums News // Edition 372,
FALSE,373,https://hackforums.net/showthread.php?tid=5766954,Hack Forums News // Edition 373,
FALSE,374,https://hackforums.net/showthread.php?tid=5771899,Hack Forums News // Edition 374,
FALSE,375,https://hackforums.net/showthread.php?tid=5777744,Hack Forums News // Edition 375,
FALSE,376,https://hackforums.net/showthread.php?tid=5792115,Hack Forums News // Edition 376 -- We're Back!,
FALSE,377,https://hackforums.net/showthread.php?tid=5795427,Hack Forums News // Edition 377,
FALSE,378,https://hackforums.net/showthread.php?tid=5798913,Hack Forums News // Edition 378,
FALSE,379,https://hackforums.net/showthread.php?tid=5802099,Hack Forums News // Edition 379,
FALSE,380,https://hackforums.net/showthread.php?tid=5805224,Hack Forums News // Edition 380,
FALSE,381,https://hackforums.net/showthread.php?tid=5808809,Hack Forums News // Edition 381,
FALSE,382,https://hackforums.net/showthread.php?tid=5810882,Hack Forums News // Edition 382,
FALSE,383,https://hackforums.net/showthread.php?tid=5813597,Hack Forums News // Edition 383,
FALSE,384,https://hackforums.net/showthread.php?tid=5816677,Hack Forums News // Edition 384,
FALSE,385,https://hackforums.net/showthread.php?tid=5820632,Hack Forums News // Edition 385,
FALSE,386,https://hackforums.net/showthread.php?tid=5824325,Hack Forums News // Edition 386,
FALSE,387,https://hackforums.net/showthread.php?tid=5826676,Hack Forums News // Edition 387,
FALSE,388,https://hackforums.net/showthread.php?tid=5828827,Hack Forums News // Edition 388,
FALSE,389,https://hackforums.net/showthread.php?tid=5831581,Hack Forums News // Edition 389,
FALSE,390,https://hackforums.net/showthread.php?tid=5834132,Hack Forums News // Edition 390,
FALSE,391,https://hackforums.net/showthread.php?tid=5837476,Hack Forums News // Edition 391,
FALSE,392,https://hackforums.net/showthread.php?tid=5839893,Hack Forums News // Edition 392,
FALSE,393,https://hackforums.net/showthread.php?tid=5842377,Hack Forums News // Edition 393,
FALSE,394,https://hackforums.net/showthread.php?tid=5844996,"Hack Forums News // Edition 394 - Interview with Xerotic, -Nyx reaches -5,000 rep",
FALSE,395,https://hackforums.net/showthread.php?tid=5849273,Hack Forums News // Edition 395,
FALSE,396,https://hackforums.net/showthread.php?tid=5851714,Hack Forums News // Edition 396,
FALSE,397,https://hackforums.net/showthread.php?tid=5854673,Hack Forums News // Edition 397,
FALSE,398,https://hackforums.net/showthread.php?tid=5857442,Hack Forums News // Edition 398,
FALSE,399,https://hackforums.net/showthread.php?tid=5860196,Hack Forums News // Edition 399,
FALSE,400,https://hackforums.net/showthread.php?tid=5865536,Hack Forums News // Edition 400 -- Megadition,
FALSE,401,https://hackforums.net/showthread.php?tid=5868670,Hack Forums News // Edition 401,
FALSE,402,https://hackforums.net/showthread.php?tid=5871146,Hack Forums News // Edition 402,
FALSE,403,https://hackforums.net/showthread.php?tid=5874014,Hack Forums News // Edition 403,
FALSE,404,https://hackforums.net/showthread.php?tid=5877371,Hack Forums News // Edition 404,
FALSE,405,https://hackforums.net/showthread.php?tid=5881342,Hack Forums News // Edition 405,
FALSE,406,https://hackforums.net/showthread.php?tid=5881348,Hack Forums News // Edition 406,
FALSE,407,https://hackforums.net/showthread.php?tid=5883642,Hack Forums News // Edition 407,
FALSE,408,https://hackforums.net/showthread.php?tid=5885944,Hack Forums News // Edition 408,
FALSE,409,https://hackforums.net/showthread.php?tid=5888672,Hack Forums News // Edition 409,
FALSE,410,https://hackforums.net/showthread.php?tid=5891429,Hack Forums News // Edition 410,
FALSE,411,https://hackforums.net/showthread.php?tid=5893702,Hack Forums News // Edition 411,
FALSE,412,https://hackforums.net/showthread.php?tid=5896339,Hack Forums News // Edition 412,
FALSE,413,https://hackforums.net/showthread.php?tid=5898976,Hack Forums News // Edition 413,
FALSE,414,https://hackforums.net/showthread.php?tid=5902089,Hack Forums News // Edition 414,
FALSE,415,https://hackforums.net/showthread.php?tid=5904830,"Hack Forums News // Edition 415 -- Dark Ops Live, Nokia2mon2 involved with Khashoggi",
FALSE,416,https://hackforums.net/showthread.php?tid=5907631,Hack Forums News // Edition 416,
FALSE,417,https://hackforums.net/showthread.php?tid=5910546,Hack Forums News // Edition 417,
FALSE,418,https://hackforums.net/showthread.php?tid=5913368,Hack Forums News // Edition 418,
FALSE,419,https://hackforums.net/showthread.php?tid=5916201,Hack Forums News // Edition 419,
FALSE,420,https://hackforums.net/showthread.php?tid=5918473,Hack Forums News // Edition 420,
FALSE,421,https://hackforums.net/showthread.php?tid=5920928,Hack Forums News // Edition 421,
FALSE,422,https://hackforums.net/showthread.php?tid=5925320,Hack Forums News // Edition 422,
FALSE,423,https://hackforums.net/showthread.php?tid=5928331,Hack Forums News // Edition 423,
FALSE,424,https://hackforums.net/showthread.php?tid=5935468,Hack Forums News // Edition 424,
FALSE,425,https://hackforums.net/showthread.php?tid=5938725,Hack Forums News // Edition 425,
FALSE,426,https://hackforums.net/showthread.php?tid=5944979,Hack Forums News // Edition 426,
FALSE,427,https://hackforums.net/showthread.php?tid=5948263,Hack Forums News // Edition 427,
FALSE,428,https://hackforums.net/showthread.php?tid=5950568,Hack Forums News // Edition 428,
FALSE,429,https://hackforums.net/showthread.php?tid=5952431,Hack Forums News // Edition 429,
FALSE,430,https://hackforums.net/showthread.php?tid=5955867,Hack Forums News // Edition 430,
FALSE,431,https://hackforums.net/showthread.php?tid=5958767,Hack Forums News // Edition 431,
FALSE,432,https://hackforums.net/showthread.php?tid=5963461,Hack Forums News // Edition 432,
FALSE,433,https://hackforums.net/showthread.php?tid=5965577,Hack Forums News // Edition 433,
FALSE,434,https://hackforums.net/showthread.php?tid=5970084,Hack Forums News // Edition 434,
FALSE,435,https://hackforums.net/showthread.php?tid=5972968,Hack Forums News // Edition 435,
FALSE,436,https://hackforums.net/showthread.php?tid=5974899,Hack Forums News // Edition 436,
FALSE,437,https://hackforums.net/showthread.php?tid=5978621,Hack Forums News // Edition 437,
FALSE,438,https://hackforums.net/showthread.php?tid=5983445,Hack Forums News // Edition 438,
FALSE,439,https://hackforums.net/showthread.php?tid=5989985,Hack Forums News // Edition 439,
FALSE,440,https://hackforums.net/showthread.php?tid=5994611,Hack Forums News // Edition 440,
FALSE,441,https://hackforums.net/showthread.php?tid=5997428,Hack Forums News // Edition 441,
FALSE,442,https://hackforums.net/showthread.php?tid=5999189,Hack Forums News // Edition 442,
FALSE,443,,Hack Forums News // Edition 443,HAVE BLOG CONTENT
FALSE,444,,Hack Forums News // Edition 444,HAVE BLOG CONTENT
FALSE,445,https://hackforums.net/showthread.php?tid=6017265,Hack Forums News // Edition 445,
FALSE,446,https://hackforums.net/showthread.php?tid=6020286,Hack Forums News // Edition 446,
FALSE,447,https://hackforums.net/showthread.php?tid=6022214,Hack Forums News // Edition 447,
FALSE,448,https://hackforums.net/showthread.php?tid=6024469,Hack Forums News // Edition 448,
FALSE,449,https://hackforums.net/showthread.php?tid=6027207,Hack Forums News // Edition 449,
FALSE,450,https://hackforums.net/showthread.php?tid=6030136,Hack Forums News // Edition 450,
FALSE,451,https://hackforums.net/showthread.php?tid=6038774,Hack Forums News // Edition 451,
FALSE,452,https://hackforums.net/showthread.php?tid=6041302,Hack Forums News // Edition 452,
FALSE,453,https://hackforums.net/showthread.php?tid=6043500,Hack Forums News // Edition 453,
FALSE,454,https://hackforums.net/showthread.php?tid=6044523,Hack Forums News // Edition 454,
FALSE,455,https://hackforums.net/showthread.php?tid=6046389,Hack Forums News // Edition 455,
FALSE,456,https://hackforums.net/showthread.php?tid=6049291,Hack Forums News // Edition 456,
FALSE,457,https://hackforums.net/showthread.php?tid=6050769,Hack Forums News // Edition 457,
FALSE,458,https://hackforums.net/showthread.php?tid=6053096,Hack Forums News // Edition 458,
FALSE,459,https://hackforums.net/showthread.php?tid=6055169,Hack Forums News // Edition 459,
FALSE,460,https://hackforums.net/showthread.php?tid=6057400,Hack Forums News // Edition 460,
FALSE,461,https://hackforums.net/showthread.php?tid=6059897,Hack Forums News // Edition 461,
FALSE,462,https://hackforums.net/showthread.php?tid=6061845,Hack Forums News // Edition 462,
FALSE,463,https://hackforums.net/showthread.php?tid=6064559,Hack Forums News // Edition 463,
FALSE,464,https://hackforums.net/showthread.php?tid=6067548,Hack Forums News // Edition 464,
FALSE,465,https://hackforums.net/showthread.php?tid=6070283,Hack Forums News // Edition 465,
FALSE,466,https://hackforums.net/showthread.php?tid=6072989,Hack Forums News // Edition 466,
FALSE,467,https://hackforums.net/showthread.php?tid=6075827,Hack Forums News // Edition 467,
FALSE,468,https://hackforums.net/showthread.php?tid=6077435,Hack Forums News // Edition 468,
FALSE,469,https://hackforums.net/showthread.php?tid=6079832,Hack Forums News // Edition 469,
FALSE,470,https://hackforums.net/showthread.php?tid=6081688,Hack Forums News // Edition 470,
FALSE,471,https://hackforums.net/showthread.php?tid=6084422,Hack Forums News // Edition 471,
FALSE,472,,,MISSING
FALSE,473,https://hackforums.net/showthread.php?tid=6088391,Hack Forums News // Edition 473,
FALSE,474,https://hackforums.net/showthread.php?tid=6091266,Hack Forums News // Edition 474,
FALSE,475,https://hackforums.net/showthread.php?tid=6093251,Hack Forums News // Edition 475,
FALSE,476,https://hackforums.net/showthread.php?tid=6095087,Hack Forums News // Edition 476,
FALSE,477,https://hackforums.net/showthread.php?tid=6096806,Hack Forums News // Edition 477,
FALSE,478,https://hackforums.net/showthread.php?tid=6098509,Hack Forums News // Edition 478,
FALSE,479,https://hackforums.net/showthread.php?tid=6100144,Hack Forums News // Edition 479,
FALSE,480,https://hackforums.net/showthread.php?tid=6102602,Hack Forums News // Edition 480,
FALSE,481,https://hackforums.net/showthread.php?tid=6105434,Hack Forums News // Edition 481,
FALSE,482,https://hackforums.net/showthread.php?tid=6112291,Hack Forums News // Edition 482,
FALSE,483,https://hackforums.net/showthread.php?tid=6114024,Hack Forums News // Edition 483,
FALSE,484,https://hackforums.net/showthread.php?tid=6117160,Hack Forums News // Edition 484,
FALSE,485,,,MISSING
FALSE,486,,,MISSING
FALSE,487,,,MISSING
FALSE,488,,,MISSING
FALSE,489,https://hackforums.net/showthread.php?tid=6136225,Hack Forums News // Edition 489,
FALSE,490,https://hackforums.net/showthread.php?tid=6137611,Hack Forums News // Edition 490,
FALSE,491,,Hack Forums News // Edition 491,HAVE BLOG CONTENT
FALSE,492,,Hack Forums News // Edition 492,HAVE BLOG CONTENT
FALSE,493,,Hack Forums News // Edition 493,HAVE BLOG CONTENT
FALSE,494,,Hack Forums News // Edition 494,HAVE BLOG CONTENT
FALSE,495,,Hack Forums News // Edition 495,HAVE BLOG CONTENT
FALSE,496,,Hack Forums News // Edition 496,HAVE BLOG CONTENT
FALSE,497,,Hack Forums News // Edition 497,HAVE BLOG CONTENT
FALSE,498,,Hack Forums News // Edition 498,HAVE BLOG CONTENT
FALSE,499,,Hack Forums News // Edition 499,HAVE BLOG CONTENT
FALSE,500,,Hack Forums News // Edition 500,HAVE BLOG CONTENT
FALSE,501,,Hack Forums News // Edition 501,HAVE BLOG CONTENT
FALSE,502,,Hack Forums News // Edition 502,HAVE BLOG CONTENT
FALSE,503,,Hack Forums News // Edition 503,HAVE BLOG CONTENT
FALSE,504,,Hack Forums News // Edition 504,MISSING
FALSE,505,,Hack Forums News // Edition 505,HAVE BLOG CONTENT
FALSE,506,,Hack Forums News // Edition 506,HAVE BLOG CONTENT
FALSE,507,,Hack Forums News // Edition 507,HAVE BLOG CONTENT
FALSE,508,,Hack Forums News // Edition 508,HAVE BLOG CONTENT
FALSE,509,https://hackforums.net/showthread.php?tid=6172740,Hack Forums News // Edition 509,
FALSE,510,https://hackforums.net/showthread.php?tid=6175314,Hack Forums News // Edition 510,
FALSE,511,https://hackforums.net/showthread.php?tid=6177542,Hack Forums News // Edition 511,CREDITS ARE IN SECTION HEADER IMAGES - END
FALSE,512,,,MISSING
FALSE,513,,,MISSING
FALSE,514,,,MISSING
FALSE,515,,,MISSING
FALSE,516,,,MISSING
FALSE,517,,,MISSING
FALSE,518,,,MISSING
FALSE,519,,,MISSING
FALSE,520,,,MISSING
FALSE,521,,,MISSING
FALSE,522,,,MISSING
FALSE,523,,,MISSING
FALSE,524,,,MISSING
FALSE,525,,,MISSING
FALSE,526,,,MISSING
FALSE,527,,,MISSING
FALSE,528,,,MISSING
FALSE,529,,,MISSING
FALSE,530,,,MISSING
FALSE,531,,,MISSING
FALSE,532,,,MISSING
FALSE,533,https://hackforums.net/showthread.php?tid=6243061,Hack Forums News // E.533 // June 2023,
FALSE,534,https://hackforums.net/showthread.php?tid=6245177,Hack Forums News // E.534 // July 2023,
FALSE,535,https://hackforums.net/showthread.php?tid=6248074,Hack Forums News // E.535 // August 2023,
FALSE,536,https://hackforums.net/showthread.php?tid=6250425,Hack Forums News // E.536 // September 2023,
FALSE,537,https://hackforums.net/showthread.php?tid=6252861,Hack Forums News // E.537 // October 2023,
FALSE,538,https://hackforums.net/showthread.php?tid=6255273,Hack Forums News // E.538 // November 2023,
FALSE,539,https://hackforums.net/showthread.php?tid=6257452,[Happy Holidays] Hack Forums News // E.539 // December 2023,Last one before being shut down
FALSE,540,https://hackforums.net/showthread.php?tid=6300303,Hack Forum News - Edition One,Writers back - Led by Mix
FALSE,541,https://hackforums.net/showthread.php?tid=6301064,Hack Forum News - Edition Two,
FALSE,542,https://hackforums.net/showthread.php?tid=6301642,Hack Forum News - Edition Three,
FALSE,543,https://hackforums.net/showthread.php?tid=6302455,Hack Forum News - Edition Four,
FALSE,544,https://hackforums.net/showthread.php?tid=6303005,Hack Forum News - Edition Five,
FALSE,545,https://hackforums.net/showthread.php?tid=6303554,Hack Forum News - Edition Six,
FALSE,546,https://hackforums.net/showthread.php?tid=6304323,Hack Forum News - Edition Seven,
FALSE,547,https://hackforums.net/showthread.php?tid=6304963,Hack Forum News - Edition Eight,
FALSE,548,https://hackforums.net/showthread.php?tid=6305523,Hack Forum News - Edition Nine,
FALSE,549,https://hackforums.net/showthread.php?tid=6306071,Hack Forum News - Edition Ten,
FALSE,550,https://hackforums.net/showthread.php?tid=6306660,Hack Forum News - Edition 11,
FALSE,551,https://hackforums.net/showthread.php?tid=6307172,Hack Forum News - Edition 12,
FALSE,552,https://hackforums.net/showthread.php?tid=6307713,Hack Forum News - Edition 13,
FALSE,553,https://hackforums.net/showthread.php?tid=6308271,Hack Forum News - Edition 14,
FALSE,554,https://hackforums.net/showthread.php?tid=6308868,Hack Forum News - Edition 15,
FALSE,555,https://hackforums.net/showthread.php?tid=6309300,Hack Forum News - Edition 16,
FALSE,556,https://hackforums.net/showthread.php?tid=6310389,Hack Forum News - Edition 17,
FALSE,557,https://hackforums.net/showthread.php?tid=6311064,Hack Forum News - Edition 18,
FALSE,558,https://hackforums.net/showthread.php?tid=6311703,Hack Forum News - Edition 19,
FALSE,559,https://hackforums.net/showthread.php?tid=6312308,Hack Forum News - Edition 20,
FALSE,560,https://hackforums.net/showthread.php?tid=6312926,Hack Forum News - Edition 21,
FALSE,561,https://hackforums.net/showthread.php?tid=6313398,Hack Forum News - Edition 22,
,562,https://hackforums.net/showthread.php?tid=6313900,Hack Forum News - Edition 23,
,563,https://hackforums.net/showthread.php?tid=6314417,Hack Forum News - Edition 24,
,564,https://hackforums.net/showthread.php?tid=6314901,Hack Forum News - Edition 25,
,565,https://hackforums.net/showthread.php?tid=6315426,Hack Forum News - Edition 26,
,566,https://hackforums.net/showthread.php?tid=6315882,Hack Forum News - Edition 27,
,567,https://hackforums.net/showthread.php?tid=6316365,Hack Forum News - Edition 28,
,568,https://hackforums.net/showthread.php?tid=6317220,Hack Forum News - Edition 29 - Welcome to 2026,
,569,https://hackforums.net/showthread.php?tid=6317649,Hack Forum News - Edition 30,
,570,https://hackforums.net/showthread.php?tid=6318099,Hack Forum News - Edition 31,
,571,https://hackforums.net/showthread.php?tid=6318549,Hack Forum News - Edition 32,
,572,https://hackforums.net/showthread.php?tid=6318992,Hack Forum News - Edition 33,
,573,https://hackforums.net/showthread.php?tid=6319466,Hack Forum News - Edition 34,
,574,https://hackforums.net/showthread.php?tid=6319964,Hack Forum News - Edition 35,
,575,https://hackforums.net/showthread.php?tid=6320473,Hack Forum News - Edition 36,
,576,https://hackforums.net/showthread.php?tid=6321070,Hack Forum News - Edition 37,
,577,https://hackforums.net/showthread.php?tid=6321567,Hack Forum News - Edition 38,
,578,https://hackforums.net/showthread.php?tid=6322057,Hack Forum News - Edition 39,
,579,https://hackforums.net/showthread.php?tid=6322569,Hack Forum News - Edition 40,
,580,https://hackforums.net/showthread.php?tid=6323007,Hack Forum News - Edition 41,
,581,https://hackforums.net/showthread.php?tid=6323429,Hack Forum News - Edition 42 [Easter Special],
,582,https://hackforums.net/showthread.php?tid=6323762,Hack Forum News - Edition 43,
,583,https://hackforums.net/showthread.php?tid=6324169,Hack Forum News - Edition 44,
,584,https://hackforums.net/showthread.php?tid=6324512,Hack Forum News - Edition 45,
,585,https://hackforums.net/showthread.php?tid=6324912,Hack Forum News - Edition 46,